beds,baths,size,lot_size,zip_code,price
3,2.5,2590.0,6000.0,98144,795000.0
4,2.0,2240.0,13503.6,98106,915000.0
4,3.0,2040.0,3783.0,98107,950000.0
4,3.0,3800.0,5175.0,98199,1950000.0
2,2.0,1190.0,43560.0,98107,740000.0
1,1.0,670.0,6000.0,98133,460000.0
5,3.5,4510.0,6000.0,98105,3150000.0
3,2.5,1520.0,741.0,98108,565000.0
4,2.0,2340.0,9500.0,98178,699000.0
3,2.0,1320.0,1386.0,98103,899000.0
3,2.0,1800.0,3993.0,98177,1050000.0
3,2.5,2490.0,5757.0,98103,935625.0
4,3.0,2650.0,6380.0,98115,1511000.0
5,1.5,2560.0,5200.0,98199,1330000.0
3,2.5,2974.0,3840.0,98119,1750000.0
4,3.5,1989.0,1607.0,98117,980000.0
4,3.0,2668.0,5589.0,98116,1213000.0
2,1.0,770.0,5250.0,98133,530000.0
3,1.5,1280.0,9100.0,98146,625000.0
5,3.5,3200.0,9260.0,98133,1275000.0
2,1.5,889.0,10018.800000000001,98103,680000.0
3,2.0,3140.0,5000.0,98117,1219700.0
4,2.0,2000.0,8077.0,98125,907200.0
3,2.5,1690.0,1733.0,98108,760000.0
4,5.5,3000.0,5520.0,98126,1484000.0
3,3.0,1550.0,1400.0,98115,950000.0
2,2.0,871.0,12632.4,98119,430000.0
4,1.5,1940.0,8778.0,98118,520000.0
3,2.0,1770.0,3349.0,98146,805000.0
5,5.0,2510.0,11761.2,98133,1000000.0
3,2.5,1500.0,1056.0,98103,1070000.0
5,4.0,2920.0,6323.0,98133,948000.0
3,2.0,2817.0,6375.0,98103,912000.0
1,1.0,617.0,21344.399999999998,98109,480000.0
2,2.0,1280.0,3000.0,98112,776000.0
2,1.0,1240.0,5038.0,98126,750000.0
4,2.5,2280.0,3932.0,98106,1065000.0
5,3.5,3590.0,15681.599999999999,98136,2350000.0
4,3.5,2478.0,2761.0,98115,1580000.0
3,3.0,2360.0,6600.0,98117,1775000.0
2,1.0,720.0,7500.0,98177,600000.0
3,2.0,2480.0,5829.0,98126,800000.0
3,2.0,1550.0,6720.0,98199,1100000.0
2,1.0,780.0,3060.0,98103,750000.0
5,3.0,2820.0,6250.0,98136,865000.0
5,3.0,2900.0,3600.0,98112,1450000.0
2,2.0,1092.0,5500.0,98122,829000.0
3,2.0,1731.0,7514.0,98125,575000.0
3,2.5,1500.0,8240.0,98105,860000.0
2,2.5,1344.0,1110.0,98122,770000.0
4,5.5,4040.0,8965.0,98105,5495000.0
5,3.0,2320.0,11761.2,98168,560000.0
5,3.0,2820.0,6250.0,98136,900000.0
3,1.0,1070.0,3840.0,98117,575000.0
4,2.0,2100.0,4864.0,98117,950000.0
3,2.5,2620.0,4080.0,98119,1300000.0
3,2.0,1270.0,1333.0,98103,727000.0
3,2.0,2702.0,6600.0,98103,1605000.0
4,3.5,2031.0,43560.0,98117,1480000.0
3,2.0,2350.0,7320.0,98178,888000.0
4,1.5,2640.0,7440.0,98115,1850000.0
3,1.5,1340.0,5120.0,98106,615000.0
6,3.5,8660.0,12196.800000000001,98102,4100000.0
3,1.0,1800.0,11761.2,98168,549000.0
2,1.0,870.0,6554.0,98118,555000.0
3,3.5,1510.0,1239.0,98103,660000.0
3,1.0,1120.0,6096.0,98106,615000.0
4,2.5,2580.0,11325.6,98146,1635000.0
3,4.0,2220.0,974.0,98109,1650000.0
3,2.0,1496.0,43560.0,98144,910000.0
4,3.5,2670.0,3405.0,98118,1022700.0
2,1.5,1810.0,6827.0,98115,925000.0
1,1.0,582.0,21780.0,98109,360000.0
3,5.5,1530.0,1336.0,98103,635000.0
2,1.0,820.0,5100.0,98118,490000.0
3,2.0,1960.0,5000.0,98105,950000.0
4,3.0,2110.0,10454.4,98133,760000.0
4,3.5,3010.0,4000.0,98106,985000.0
3,1.0,2200.0,5000.0,98105,1250000.0
3,2.5,1820.0,176418.0,98118,690000.0
4,4.0,3040.0,4000.0,98119,1585000.0
3,2.0,1800.0,6180.0,98118,936000.0
3,3.0,1450.0,525.0,98117,750000.0
4,2.0,2400.0,5400.0,98119,1385000.0
4,3.5,3057.0,7650.0,98117,1800000.0
4,4.0,3142.0,6000.0,98119,1600000.0
3,1.0,1050.0,3750.0,98106,399950.0
3,2.0,1720.0,5000.0,98199,855000.0
3,3.5,2650.0,8500.0,98136,1095000.0
2,1.5,2680.0,6000.0,98102,1125000.0
4,2.5,2550.0,5000.0,98115,1560000.0
9,4.0,3800.0,6000.0,98116,1343000.0
4,2.0,1910.0,6000.0,98168,630000.0
2,1.0,773.0,10890.0,98133,360000.0
4,3.5,2661.0,4081.0,98108,1165000.0
4,3.0,2250.0,5250.0,98115,1150000.0
4,1.5,2080.0,5000.0,98116,950000.0
3,3.5,1370.0,982.0,98117,699500.0
1,1.0,699.0,186001.19999999998,98115,335000.0
2,3.0,1840.0,9420.0,98125,800000.0
4,3.5,3040.0,16988.4,98177,1495000.0
5,8.5,3110.0,4455.0,98115,1606500.0
2,2.0,1147.0,564.0,98115,749950.0
2,2.5,1538.0,900.0,98105,895000.0
2,1.0,1480.0,4600.0,98126,720000.0
2,2.0,866.0,649.0,98107,555000.0
4,3.5,2000.0,1532.0,98115,870000.0
3,3.5,1470.0,1375.0,98117,845000.0
2,2.0,1840.0,5000.0,98122,1200000.0
4,2.0,2230.0,5940.0,98125,925000.0
2,1.5,1290.0,1332.0,98115,795000.0
1,1.0,630.0,10454.4,98146,459000.0
3,2.0,1880.0,3200.0,98144,911000.0
2,1.5,1300.0,3146.0,98133,570288.0
2,2.0,1071.0,67082.40000000001,98119,605000.0
5,4.0,2810.0,5000.0,98103,1295000.0
4,2.5,2400.0,3200.0,98109,1595000.0
3,2.5,2734.0,4000.0,98109,1605200.0
3,2.5,1670.0,1687.0,98117,865000.0
3,3.0,1530.0,2260.0,98126,745000.0
4,1.0,1720.0,2835.0,98122,543750.0
3,1.0,1200.0,5786.0,98105,1099950.0
5,3.0,2030.0,5046.0,98144,905000.0
3,2.0,2370.0,4865.0,98126,1200000.0
3,1.5,1720.0,3825.0,98117,825000.0
1,1.0,813.0,10454.4,98121,680000.0
3,2.0,1590.0,8937.0,98106,720000.0
2,1.0,840.0,4000.0,98108,489000.0
5,2.5,2870.0,8741.0,98168,520000.0
2,1.5,994.0,1494.0,98106,580000.0
3,2.0,1630.0,6000.0,98168,630000.0
3,2.0,1806.0,4400.0,98126,799000.0
4,2.5,3060.0,4590.0,98115,1450000.0
5,3.5,3820.0,7200.0,98118,1350000.0
3,2.5,2350.0,7200.0,98115,1582800.0
3,2.5,2080.0,9880.0,98117,977000.0
3,1.0,1000.0,5960.0,98118,710000.0
2,1.5,1131.0,43560.0,98144,685000.0
4,3.0,2230.0,9625.0,98178,1205000.0
5,3.0,3130.0,5750.0,98122,2095000.0
5,3.0,3750.0,5000.0,98107,1580000.0
2,2.0,1720.0,5000.0,98116,985000.0
3,2.0,1286.0,870.0,98136,738000.0
2,1.0,1422.0,3399.0,98117,715000.0
4,3.5,3956.0,12632.4,98125,3200000.0
6,5.0,3620.0,5500.0,98119,1420000.0
3,1.5,1370.0,6556.0,98178,659950.0
2,3.0,1824.0,16117.199999999999,98101,2458000.0
4,2.0,2370.0,5000.0,98115,1350000.0
4,2.5,2200.0,5146.0,98106,825000.0
6,3.0,3020.0,32670.0,98178,775000.0
5,3.0,3400.0,18730.8,98168,756500.0
3,1.0,1660.0,4349.0,98115,749900.0
4,2.0,2080.0,7200.0,98178,675000.0
2,1.0,900.0,6150.0,98126,480000.0
4,4.5,3960.0,7025.0,98144,2485000.0
5,3.5,3310.0,6328.0,98115,1575000.0
1,1.0,621.0,13503.6,98133,289900.0
4,2.0,1910.0,5166.0,98106,685000.0
3,2.5,1563.0,1950.0,98118,839950.0
5,3.5,3340.0,10454.4,98106,980000.0
4,3.0,2390.0,3600.0,98119,1300000.0
2,1.5,1131.0,43560.0,98144,670000.0
2,2.0,1201.0,720.0,98103,699950.0
3,3.0,1940.0,5000.0,98199,450000.0
2,1.0,1760.0,4625.0,98116,715000.0
4,3.0,1680.0,3080.0,98117,905000.0
2,2.0,1192.0,928.0,98103,719950.0
4,4.0,2300.0,3589.0,98105,1440000.0
3,2.5,2304.0,5000.0,98117,1100000.0
4,4.0,2650.0,6000.0,98103,1000000.0
5,4.0,4210.0,5200.0,98105,2625000.0
4,3.0,2840.0,9996.0,98177,1350000.0
2,1.0,980.0,4100.0,98107,863000.0
4,4.5,2440.0,5000.0,98105,1900000.0
2,2.0,1140.0,2550.0,98117,590000.0
4,3.5,1824.0,3250.0,98103,1299000.0
2,2.0,1115.0,41817.6,98121,1069000.0
4,3.0,2478.0,4001.0,98105,2095000.0
2,2.0,1140.0,5445.0,98133,665000.0
3,1.5,1172.0,5760.0,98122,685000.0
2,2.0,1433.0,1948.0,98136,750000.0
3,2.0,1520.0,4000.0,98117,760000.0
3,2.5,1380.0,2250.0,98106,590000.0
15,6.0,11010.0,14374.800000000001,98112,3700000.0
4,2.0,1750.0,4950.0,98105,1025000.0
3,2.5,3590.0,4250.0,98103,1725000.0
5,3.0,2040.0,6180.0,98118,605000.0
2,2.0,1560.0,6750.0,98115,980000.0
2,2.5,1088.0,5500.0,98107,835000.0
2,1.0,1460.0,5700.0,98115,400000.0
3,2.0,1380.0,2909.0,98117,800000.0
2,1.0,1000.0,4640.0,98116,793000.0
2,2.0,1128.0,6000.0,98144,625000.0
1,1.0,776.0,47480.4,98116,515000.0
3,2.5,2000.0,7440.0,98106,799000.0
4,5.5,2867.0,4983.0,98115,1750000.0
4,3.0,1180.0,4650.0,98117,956300.0
3,2.0,1920.0,3154.0,98199,1067000.0
2,2.0,2220.0,5950.0,98126,551000.0
2,3.0,1300.0,915.0,98107,780000.0
3,2.0,1460.0,5005.0,98106,583000.0
3,2.5,2500.0,4305.0,98117,1685000.0
3,2.5,1540.0,1037.0,98122,852500.0
5,3.0,2550.0,6604.0,98106,940000.0
3,2.5,1520.0,1062.0,98106,540700.0
1,1.0,640.0,15245.999999999998,98104,345000.0
4,3.0,2190.0,5136.0,98126,860000.0
2,1.0,930.0,6000.0,98133,620000.0
5,2.5,2900.0,10018.800000000001,98106,800000.0
4,3.5,2780.0,4000.0,98112,950000.0
3,1.0,2560.0,8927.0,98125,776000.0
3,2.5,1566.0,1602.0,98122,875000.0
2,2.0,1245.0,179031.6,98168,330000.0
3,2.5,1190.0,1290.0,98144,750000.0
5,2.5,2760.0,6350.0,98126,1025000.0
4,1.5,3260.0,5568.0,98199,1695000.0
4,3.0,2380.0,4635.0,98115,1399999.0
2,2.5,1884.0,11761.2,98116,925000.0
3,2.5,1712.0,1215.0,98117,910000.0
2,2.0,1196.0,780.0,98107,734999.0
3,2.0,1098.0,2320.0,98105,864950.0
3,3.0,1250.0,6350.0,98117,815000.0
1,1.0,880.0,4500.0,98122,700000.0
4,2.0,1595.0,5500.0,98118,525000.0
3,3.0,2380.0,5000.0,98136,1230000.0
3,2.0,3190.0,4380.0,98112,2700000.0
3,2.5,1465.0,2973.0,98119,1175000.0
4,2.0,2910.0,8360.0,98115,1400000.0
2,3.0,1140.0,650.0,98144,675000.0
1,1.0,500.0,4000.0,98168,385000.0
3,2.0,1580.0,6400.0,98126,942000.0
5,3.0,2430.0,7812.0,98133,915000.0
2,2.0,2360.0,5800.0,98199,1460000.0
3,2.5,1396.0,4800.0,98136,780000.0
4,2.0,2340.0,7500.0,98115,925000.0
4,1.5,2140.0,6511.0,98125,700500.0
4,3.0,2980.0,4480.0,98105,1090000.0
3,1.5,1390.0,9350.0,98168,412000.0
2,1.0,720.0,4240.0,98106,525000.0
4,2.5,1850.0,2856.0,98108,945000.0
3,4.5,1710.0,1326.0,98126,725000.0
2,1.0,970.0,15245.999999999998,98106,386000.0
3,2.0,1606.0,900.0,98109,1450000.0
3,2.5,1815.0,1500.0,98103,1295000.0
2,1.0,1120.0,1188.0,98122,700000.0
4,2.0,2220.0,9295.0,98177,995000.0
3,2.0,1460.0,4590.0,98117,888000.0
5,3.0,3820.0,7980.0,98116,1575000.0
3,3.5,2480.0,2400.0,98119,1795000.0
5,3.0,2777.0,7026.0,98125,1338600.0
3,1.0,1430.0,2280.0,98103,980000.0
2,5.5,1320.0,1250.0,98144,679950.0
2,2.0,2170.0,5250.0,98116,893000.0
3,1.5,1630.0,6615.0,98115,895000.0
2,2.0,1900.0,2164.0,98122,1310000.0
3,2.0,1760.0,4000.0,98106,689000.0
3,2.5,1712.0,1514.0,98107,970000.0
4,2.5,3190.0,5500.0,98102,1820000.0
4,3.5,3590.0,4000.0,98109,2900000.0
1,1.0,630.0,4895.0,98133,255000.0
5,2.0,1830.0,5220.0,98118,665000.0
2,1.0,760.0,3072.0,98144,250000.0
3,2.5,2600.0,5100.0,98117,1148000.0
3,2.0,2130.0,4850.0,98107,990200.0
3,3.5,2899.0,5346.0,98199,1800000.0
3,1.0,1090.0,13503.6,98178,400000.0
4,4.0,3360.0,5000.0,98107,1200000.0
4,2.5,2240.0,5229.0,98117,1050000.0
2,1.0,886.0,8863.0,98112,620000.0
3,2.0,1560.0,4960.0,98106,799000.0
4,2.0,1730.0,8100.0,98146,852000.0
3,2.0,1700.0,5346.0,98115,1150000.0
4,3.5,1909.0,1544.0,98103,1500000.0
3,2.0,2180.0,3740.0,98117,1012000.0
3,3.0,1460.0,7200.0,98144,1000000.0
2,1.0,1010.0,6750.0,98125,549950.0
3,1.0,990.0,8100.0,98146,635000.0
2,2.0,1164.0,8280.0,98117,706474.0
1,1.0,583.0,12632.4,98119,349000.0
4,2.0,2740.0,6000.0,98119,1400000.0
3,2.0,1670.0,5400.0,98118,485000.0
3,1.0,830.0,7800.0,98125,660000.0
3,3.5,2530.0,1880.0,98102,1299000.0
4,3.0,2660.0,5100.0,98117,1360000.0
4,2.0,2820.0,4764.0,98117,1441000.0
2,1.0,1011.0,10454.4,98103,159488.0
2,1.5,1088.0,1518.0,98106,590000.0
6,3.5,3785.0,5150.0,98117,3150000.0
3,2.0,1540.0,1102.0,98144,630000.0
2,1.5,1180.0,10890.0,98168,575000.0
3,3.5,1968.0,1498.0,98199,980000.0
1,1.0,610.0,25700.399999999998,98119,340000.0
2,2.0,1346.0,23086.800000000003,98116,800000.0
2,2.5,1320.0,1030.0,98133,570000.0
3,3.5,3064.0,25700.399999999998,98121,2450000.0
3,2.0,2980.0,5800.0,98115,1415000.0
4,3.5,3050.0,6146.0,98102,2250000.0
3,2.0,2020.0,7200.0,98133,917500.0
3,2.5,1926.0,1483.0,98122,1148000.0
2,1.0,1330.0,7425.0,98125,479000.0
3,2.0,2410.0,4950.0,98199,1083000.0
2,2.5,1580.0,5000.0,98106,699000.0
3,1.0,1030.0,4480.0,98105,710000.0
3,3.0,1630.0,6721.0,98168,615000.0
4,2.5,2370.0,3600.0,98146,750000.0
4,1.0,1310.0,6000.0,98146,735000.0
3,2.0,1996.0,4656.0,98117,986500.0
3,2.0,1580.0,6396.0,98126,820000.0
4,2.0,2360.0,6120.0,98115,950000.0
3,2.0,1496.0,43560.0,98144,824500.0
2,2.5,1250.0,1027.0,98117,725000.0
4,2.5,2380.0,5000.0,98105,1900000.0
2,2.0,1095.0,617.0,98177,599950.0
2,2.0,1080.0,1175.0,98106,533500.0
2,2.0,1146.0,800.0,98112,845000.0
4,2.5,1544.0,2352.0,98117,850000.0
1,1.0,707.0,11325.6,98122,590000.0
4,3.0,2067.0,43560.0,98122,1074900.0
4,3.0,2360.0,7200.0,98115,1360000.0
2,2.0,724.0,5400.0,98103,430000.0
5,2.5,2180.0,4069.0,98118,1009975.0
3,2.0,1960.0,4400.0,98199,955000.0
1,1.0,727.0,5250.0,98103,445000.0
3,2.0,1209.0,752.0,98116,725000.0
5,3.0,3070.0,3400.0,98117,1450000.0
4,2.5,2130.0,6250.0,98136,960000.0
4,2.5,2220.0,3770.0,98144,1235000.0
4,3.0,2288.0,6550.0,98126,1105000.0
5,3.0,3120.0,7865.0,98178,795000.0
4,2.5,2180.0,6099.0,98115,1275000.0
3,2.0,1590.0,3000.0,98146,560000.0
3,1.5,2220.0,6270.0,98115,930000.0
1,1.0,574.0,50965.2,98109,280000.0
4,2.0,2480.0,5996.0,98122,825000.0
4,3.0,3320.0,5750.0,98116,750000.0
2,1.0,1720.0,5017.0,98118,575000.0
3,2.0,2050.0,5000.0,98109,1265000.0
4,3.0,2370.0,3880.0,98115,1830000.0
4,5.0,3660.0,12632.4,98118,2695000.0
3,3.5,1670.0,905.0,98107,1115000.0
2,3.5,990.0,37461.6,98178,405000.0
3,3.0,3120.0,5996.0,98199,1350000.0
3,2.0,2260.0,6000.0,98199,1300000.0
2,1.0,650.0,3780.0,98103,708888.0
3,3.5,1540.0,2322.0,98126,699950.0
3,3.5,1980.0,1659.0,98144,1055000.0
3,1.0,2160.0,5100.0,98115,920000.0
4,2.5,3080.0,13068.0,98117,1650000.0
2,3.0,1740.0,4148.0,98105,1395000.0
3,2.0,1900.0,4000.0,98112,1766000.0
9,5.0,3940.0,5303.0,98133,1089000.0
4,1.5,1920.0,10454.4,98125,850000.0
3,2.5,1610.0,1690.0,98107,895000.0
6,4.0,2960.0,3796.0,98199,1050000.0
4,2.0,1810.0,5100.0,98117,945000.0
2,2.0,1893.0,400751.99999999994,98115,727000.0
3,2.0,1096.0,43560.0,98117,875000.0
3,4.5,3760.0,7000.0,98199,1570000.0
4,2.5,2720.0,8000.0,98136,1315000.0
2,2.0,1510.0,7200.0,98105,915000.0
2,2.0,1350.0,815.0,98119,1035000.0
4,3.5,2980.0,4800.0,98112,2400000.0
5,2.0,2260.0,3848.0,98117,865000.0
3,2.0,1990.0,8710.0,98146,730000.0
2,1.5,1555.0,41817.6,98122,677500.0
3,2.0,2350.0,4400.0,98122,1140000.0
2,1.0,1440.0,6090.0,98125,699950.0
1,1.0,627.0,46173.600000000006,98107,429000.0
2,1.0,770.0,5896.0,98126,560000.0
3,2.5,1570.0,1342.0,98103,700000.0
3,3.0,2650.0,8612.0,98105,1600000.0
2,1.5,1070.0,1726.0,98103,850000.0
3,0.5,1941.0,3726.0,98103,892700.0
3,2.5,2030.0,3999.0,98115,1439000.0
2,1.0,1620.0,16988.4,98178,619000.0
2,2.5,1400.0,1112.0,98103,850000.0
3,2.0,2354.0,4400.0,98115,938000.0
3,1.0,1340.0,7669.0,98177,785000.0
2,1.0,903.0,176853.59999999998,98146,363500.0
3,1.5,1220.0,6350.0,98103,599000.0
2,1.0,1250.0,4500.0,98118,500000.0
2,2.0,1040.0,6800.0,98133,625000.0
2,1.0,1660.0,4800.0,98109,850000.0
2,1.5,805.0,5000.0,98107,500000.0
3,1.0,1060.0,4000.0,98117,1125000.0
5,3.5,3160.0,6200.0,98112,2300000.0
3,3.0,1120.0,4800.0,98168,525000.0
4,2.5,1881.0,1881.0,98133,870000.0
5,2.5,3460.0,7464.0,98144,2425000.0
2,2.0,880.0,10018.800000000001,98126,680000.0
3,2.0,1340.0,2211.0,98103,925000.0
4,2.5,2560.0,6582.0,98116,1712000.0
4,2.0,2178.0,6800.0,98133,880000.0
4,3.5,3220.0,6250.0,98199,2195000.0
3,3.0,2070.0,4227.0,98136,730000.0
3,2.5,2131.0,1036.0,98119,1520000.0
2,3.0,970.0,593.0,98102,769900.0
6,3.5,2430.0,5580.0,98108,870000.0
3,2.5,1395.0,1418.0,98116,725000.0
3,2.5,1810.0,6925.0,98125,922000.0
1,1.0,717.0,11761.2,98109,425000.0
5,3.0,2170.0,7500.0,98178,775000.0
4,3.0,3120.0,9750.0,98144,1670000.0
3,2.0,1870.0,4000.0,98136,849000.0
4,3.5,2285.0,1792.0,98116,1500000.0
3,2.5,2783.0,7206.0,98199,1640000.0
4,2.0,2540.0,4700.0,98107,1280000.0
2,1.0,1010.0,14810.400000000001,98125,870000.0
3,2.5,1420.0,1873.0,98103,890000.0
3,1.0,1410.0,7080.0,98118,475000.0
3,2.0,2320.0,4000.0,98115,880000.0
3,2.0,1719.0,1056.0,98103,1160000.0
4,2.0,2037.0,3326.0,98119,1247500.0
2,1.5,1370.0,938.0,98115,700000.0
2,1.0,1480.0,6734.0,98117,905000.0
5,4.5,3636.0,6180.0,98115,2840000.0
3,1.5,1780.0,4800.0,98126,650000.0
3,2.0,1094.0,2332.0,98108,649995.0
1,1.0,830.0,5100.0,98103,695000.0
4,3.0,2790.0,15245.999999999998,98133,965000.0
4,3.5,5690.0,7469.0,98112,3630000.0
3,1.0,1430.0,16117.199999999999,98168,499800.0
3,2.5,1460.0,1850.0,98106,575000.0
3,2.5,1386.0,1065.0,98107,999950.0
5,3.0,2310.0,4011.0,98106,780000.0
2,1.5,1340.0,4342.0,98115,675000.0
2,4.0,1291.0,1361.0,98116,800500.0
3,2.5,2320.0,4400.0,98116,949000.0
3,2.5,2150.0,13939.2,98116,1360000.0
3,2.0,1425.0,759.0,98117,750000.0
2,1.0,1280.0,2690.0,98118,859000.0
3,3.0,1480.0,9127.0,98117,729000.0
3,3.0,2110.0,7324.0,98177,1270000.0
3,2.5,1569.0,1553.0,98107,950000.0
3,3.0,2247.0,866.0,98109,1725000.0
3,1.0,1220.0,5000.0,98107,750000.0
2,1.0,1060.0,3250.0,98103,900000.0
4,2.0,1920.0,17859.6,98118,1210000.0
4,1.5,1740.0,9205.0,98146,649950.0
3,1.5,2230.0,3500.0,98117,1075000.0
4,2.5,2760.0,6001.0,98178,640000.0
3,3.0,1660.0,625.0,98118,795000.0
3,2.5,1360.0,916.0,98112,805000.0
4,4.5,5200.0,7653.0,98118,2600000.0
3,2.5,1573.0,1255.0,98107,1030000.0
4,3.0,1700.0,7320.0,98146,649000.0
4,3.5,2560.0,4080.0,98144,1325000.0
3,2.0,1330.0,1539.0,98122,680000.0
4,2.0,2180.0,5100.0,98115,838000.0
3,2.0,1350.0,1055.0,98103,785000.0
2,1.5,1720.0,1588.0,98144,725000.0
4,3.5,3060.0,41817.6,98136,3931000.0
2,2.0,954.0,14374.800000000001,98133,380000.0
2,2.5,1460.0,1536.0,98106,599950.0
4,3.0,1540.0,3060.0,98105,1108000.0
3,1.5,2560.0,6150.0,98118,720000.0
2,2.5,1440.0,3000.0,98144,875000.0
3,2.5,1324.0,2217.0,98126,649950.0
2,2.0,1290.0,1192.0,98125,635000.0
1,1.0,748.0,11325.6,98122,499000.0
3,2.0,1660.0,6120.0,98115,795000.0
3,1.0,1964.0,9050.0,98168,625000.0
3,2.0,1460.0,1554.0,98116,759000.0
1,1.0,683.0,12632.4,98119,450500.0
4,2.0,2060.0,5080.0,98115,812500.0
4,2.0,1160.0,4224.0,98103,710000.0
3,2.0,1540.0,1124.0,98144,680000.0
2,1.0,1860.0,2526.0,98105,898000.0
5,4.0,4490.0,5220.0,98122,1150000.0
6,4.0,2310.0,5012.0,98108,849000.0
3,3.5,3130.0,12196.800000000001,98105,2350000.0
2,1.0,2110.0,8160.0,98146,376000.0
3,1.5,1590.0,3797.0,98108,700000.0
3,2.5,1280.0,1845.0,98105,900000.0
2,1.0,840.0,8150.0,98118,495000.0
3,2.0,2020.0,8120.0,98125,950000.0
4,3.0,3610.0,8037.0,98105,2330000.0
2,1.0,1040.0,6103.0,98133,350000.0
3,2.5,1970.0,2109.0,98103,715000.0
4,3.0,2190.0,5350.0,98115,1490000.0
4,3.0,2120.0,7721.0,98126,920000.0
2,2.0,1415.0,278784.0,98125,449000.0
4,3.5,1835.0,1750.0,98103,1299950.0
2,4.5,1670.0,905.0,98107,1115000.0
3,3.5,2570.0,4094.0,98105,2000000.0
3,2.0,2060.0,3090.0,98118,700000.0
3,2.5,1740.0,1389.0,98102,1678000.0
5,3.0,2510.0,5130.0,98103,910000.0
3,2.0,1516.0,5000.0,98116,1150000.0
3,1.0,940.0,4850.0,98136,500000.0
4,2.0,2440.0,4002.0,98144,1116000.0
5,4.0,2470.0,5000.0,98118,1005000.0
2,2.0,1288.0,5365.0,98133,755000.0
4,3.5,3240.0,4680.0,98112,1995000.0
3,2.5,1550.0,1391.0,98107,825000.0
4,2.0,2080.0,7740.0,98106,750000.0
4,3.0,1400.0,5000.0,98107,1000000.0
2,2.5,1159.0,5250.0,98122,885000.0
2,1.5,901.0,4800.0,98107,599000.0
4,3.0,2900.0,7500.0,98136,1175000.0
4,2.5,2052.0,16552.8,98178,865000.0
2,2.0,2353.0,8750.0,98116,1160000.0
5,2.0,2640.0,2950.0,98122,1000000.0
2,1.0,1090.0,4500.0,98118,580000.0
5,2.5,3960.0,7680.0,98199,1850000.0
4,1.5,3030.0,5400.0,98112,1500000.0
4,2.5,3080.0,9300.0,98168,650000.0
2,1.5,1276.0,23522.4,98103,885000.0
3,1.0,910.0,7242.0,98168,480000.0
5,3.5,4180.0,4080.0,98109,3000000.0
5,1.5,2830.0,4000.0,98118,766000.0
2,1.0,970.0,5130.0,98116,600000.0
3,2.0,1576.0,1238.0,98122,974999.0
3,2.0,1080.0,5750.0,98116,875000.0
2,5.5,2659.0,22651.2,98102,6250000.0
5,5.0,3623.0,8000.0,98115,1975000.0
4,3.5,2520.0,3821.0,98199,1765000.0
4,3.5,2720.0,3024.0,98102,1750000.0
2,2.0,968.0,656.0,98103,715000.0
2,3.5,2080.0,1412.0,98103,1495000.0
2,2.5,1365.0,176418.0,98118,525000.0
2,1.0,1580.0,22651.2,98178,500000.0
2,1.0,860.0,6678.0,98116,750000.0
2,2.0,1038.0,14374.800000000001,98116,600000.0
4,3.0,2860.0,4182.0,98103,1600000.0
5,2.0,2340.0,5120.0,98106,613000.0
3,2.5,1810.0,1436.0,98107,1000000.0
2,1.0,2530.0,5000.0,98122,700000.0
3,3.5,1820.0,1099.0,98122,1125000.0
2,1.0,648.0,4997.0,98107,430000.0
2,2.5,1448.0,23522.4,98103,1325000.0
2,1.0,1660.0,12196.800000000001,98125,535000.0
5,3.0,2970.0,5250.0,98117,1225000.0
5,4.0,3030.0,5200.0,98108,1250000.0
3,2.0,1400.0,8910.0,98106,530000.0
2,1.5,900.0,43560.0,98133,549755.0
3,2.0,2740.0,5000.0,98144,1278500.0
2,1.0,720.0,6693.0,98117,545000.0
4,2.5,1880.0,3300.0,98117,1050000.0
3,2.5,1681.0,172933.2,98126,650000.0
4,2.0,3325.0,6000.0,98199,1650000.0
5,3.5,4397.0,6800.0,98105,3400000.0
3,1.5,1540.0,6300.0,98126,689000.0
3,1.0,1530.0,13503.6,98146,435000.0
2,2.0,1015.0,87991.2,98115,468000.0
4,3.0,2340.0,5023.0,98108,780000.0
2,2.0,1570.0,3060.0,98103,849000.0
4,2.5,1806.0,5000.0,98118,745000.0
3,2.5,1346.0,1270.0,98107,899000.0
3,2.0,1600.0,8640.0,98117,877500.0
2,2.0,1170.0,18295.2,98112,655000.0
3,2.5,1660.0,1681.0,98144,690000.0
1,1.0,707.0,202989.6,98133,325000.0
3,2.0,1390.0,6656.0,98116,899950.0
3,2.0,2900.0,3800.0,98199,1305000.0
1,1.0,704.0,43560.0,98144,519950.0
3,4.0,2400.0,5563.0,98122,1460000.0
3,1.0,1120.0,4000.0,98112,985000.0
4,2.0,1710.0,3250.0,98117,1170000.0
3,2.0,1880.0,1751.0,98122,955000.0
3,3.0,1454.0,760.0,98122,890955.0
14,5.0,3884.0,4968.0,98106,1300000.0
3,1.5,2300.0,4100.0,98107,1125000.0
4,3.0,2520.0,3000.0,98105,1025000.0
4,3.0,3335.0,6000.0,98115,1325000.0
3,2.5,2118.0,2466.0,98118,837000.0
2,1.0,910.0,4800.0,98117,825000.0
4,1.0,2080.0,4845.0,98117,800000.0
2,1.0,2520.0,5000.0,98122,810000.0
3,2.0,1560.0,5056.0,98116,965000.0
2,1.0,1130.0,4388.0,98199,1180000.0
1,1.0,543.0,52707.6,98121,425000.0
1,1.0,620.0,6090.0,98178,524950.0
3,3.0,1720.0,8370.0,98177,865000.0
2,2.0,1015.0,87991.2,98115,500000.0
1,1.0,530.0,2500.0,98118,390800.0
4,2.0,1350.0,5300.0,98106,700000.0
3,2.5,1510.0,2656.0,98133,717500.0
3,1.0,1730.0,4200.0,98103,900000.0
2,2.0,3120.0,14374.800000000001,98118,1050000.0
4,2.5,2172.0,3431.0,98105,975000.0
3,3.5,1410.0,1478.0,98117,740000.0
2,2.0,1350.0,4590.0,98117,960000.0
2,2.0,900.0,2041.0,98102,1650000.0
2,2.0,1174.0,800.0,98109,779000.0
3,1.5,1250.0,11761.2,98178,552000.0
5,3.0,3590.0,6900.0,98117,1700000.0
3,2.0,1548.0,1139.0,98117,850000.0
4,3.0,3030.0,6960.0,98115,1119000.0
4,2.0,2245.0,7892.0,98178,775000.0
4,3.5,2627.0,5150.0,98118,1650000.0
4,2.5,3680.0,7000.0,98118,1880000.0
2,1.0,2170.0,6985.0,98199,950000.0
3,1.0,1600.0,3600.0,98119,1023000.0
3,1.5,2120.0,3880.0,98105,865000.0
3,2.5,1980.0,5000.0,98146,675000.0
3,2.0,1370.0,3060.0,98103,1270000.0
4,1.5,1300.0,4080.0,98122,975000.0
3,2.0,1060.0,5290.0,98106,599000.0
2,1.0,770.0,5772.0,98106,490000.0
4,3.0,2470.0,12632.4,98115,1180000.0
3,2.5,2260.0,4000.0,98103,1406000.0
2,1.5,1120.0,966.0,98103,605000.0
3,3.5,1936.0,1770.0,98122,1295000.0
2,2.5,1560.0,1263.0,98117,730000.0
3,2.0,1100.0,2700.0,98122,645000.0
3,2.0,2120.0,6400.0,98103,1130000.0
2,2.5,1400.0,824.0,98102,1062500.0
3,2.5,1320.0,1396.0,98117,835000.0
4,4.5,4790.0,5000.0,98144,1750000.0
3,1.0,1070.0,6535.0,98168,515000.0
2,2.5,1966.0,1412.0,98103,1495000.0
2,2.0,1146.0,43560.0,98116,675000.0
3,2.5,1047.0,680.0,98144,720000.0
2,1.5,1760.0,4000.0,98144,650000.0
2,2.0,1030.0,7200.0,98125,826500.0
3,2.0,1514.0,990.0,98107,915000.0
3,1.5,1520.0,7150.0,98146,720000.0
4,3.5,3360.0,6000.0,98136,1575000.0
3,2.0,1910.0,7500.0,98136,725000.0
2,2.5,1550.0,1131.0,98122,1051500.0
3,3.0,1190.0,850.0,98144,765000.0
4,2.0,2640.0,3840.0,98122,700000.0
3,3.5,2206.0,1500.0,98103,1116000.0
1,1.0,250.0,10890000.0,98103,159000.0
8,4.0,3136.0,8636.0,98146,1005000.0
2,2.0,1149.0,564.0,98115,730000.0
1,1.0,861.0,9600.0,98126,405000.0
4,2.5,2050.0,9555.0,98177,805000.0
3,3.5,1930.0,6000.0,98125,600000.0
4,3.0,3090.0,14810.400000000001,98168,210000.0
3,2.0,2437.0,6500.0,98118,1275000.0
2,2.5,1330.0,856.0,98105,699950.0
3,2.0,1680.0,6000.0,98136,910000.0
2,2.0,1112.0,1484.0,98177,675000.0
1,1.0,626.0,114562.79999999999,98115,275000.0
2,1.0,1230.0,5000.0,98144,326000.0
4,2.5,2840.0,4480.0,98105,1200000.0
2,1.5,1115.0,745.0,98107,745000.0
4,2.0,2240.0,5043.0,98106,750000.0
4,3.0,1900.0,2256.0,98103,1150000.0
3,3.0,1970.0,8540.0,98177,1395000.0
3,2.5,1512.0,1041.0,98144,760000.0
2,1.5,806.0,4001.0,98106,510000.0
2,2.0,1319.0,794.0,98107,838000.0
2,1.0,2300.0,8799.0,98168,525000.0
2,1.5,1127.0,5500.0,98102,1008000.0
4,2.0,2280.0,8000.0,98168,640000.0
2,2.0,1120.0,1168.0,98126,789500.0
4,3.0,1960.0,5200.0,98136,1270000.0
1,1.0,627.0,14810.400000000001,98101,335000.0
2,2.0,1228.0,900.0,98109,900000.0
3,2.0,1800.0,3172.0,98117,1130000.0
4,1.0,1190.0,7320.0,98106,463900.0
5,5.5,5770.0,8226.0,98122,5000000.0
2,2.5,1710.0,962.0,98117,875000.0
2,2.0,968.0,656.0,98103,700000.0
2,1.0,790.0,5877.0,98178,532500.0
6,5.5,4510.0,12196.800000000001,98178,2202718.0
3,2.0,1300.0,3914.0,98199,1100000.0
3,3.5,2106.0,1785.0,98115,1266000.0
3,2.5,1573.0,1243.0,98107,1099950.0
4,2.0,2870.0,98881.2,98168,703500.0
4,3.5,4006.0,5000.0,98199,2940000.0
2,1.0,1060.0,5666.0,98108,875000.0
3,2.5,1610.0,1426.0,98199,840000.0
2,3.0,1212.0,30491.999999999996,98136,600000.0
4,2.5,2390.0,3570.0,98115,1350000.0
2,1.0,1080.0,6000.0,98199,950000.0
2,1.0,1350.0,6500.0,98126,850000.0
4,3.5,2795.0,6400.0,98122,1740000.0
2,1.0,970.0,2714.0,98103,1075000.0
3,3.5,1820.0,1101.0,98122,1250000.0
3,2.0,1770.0,7242.0,98168,500000.0
6,4.0,3280.0,5650.0,98118,999950.0
3,1.0,1260.0,13939.2,98168,440000.0
4,2.5,1939.0,2499.0,98107,1025000.0
4,3.0,2200.0,5586.0,98118,874999.0
3,2.0,1650.0,5075.0,98126,750000.0
3,2.0,1260.0,2640.0,98133,615000.0
2,2.0,1020.0,776.0,98118,605000.0
3,2.5,1500.0,1235.0,98119,1023500.0
2,1.0,1080.0,6000.0,98118,650000.0
4,2.5,1544.0,1562.0,98117,889000.0
4,2.0,1470.0,4000.0,98118,460000.0
4,2.0,1680.0,2600.0,98107,930000.0
4,2.0,2420.0,3680.0,98126,948750.0
4,3.5,2011.0,2421.0,98136,1130000.0
2,2.5,840.0,846.0,98144,629000.0
1,1.0,434.0,6600.0,98102,345000.0
4,2.5,2730.0,5724.0,98146,1175000.0
3,1.5,1350.0,2497.0,98118,599000.0
3,3.5,1740.0,2061.0,98122,840000.0
3,2.5,1940.0,2880.0,98118,1140000.0
4,1.0,1340.0,6000.0,98144,685000.0
2,2.0,1110.0,1650.0,98103,689000.0
3,2.5,1380.0,1550.0,98115,613000.0
3,2.5,1400.0,1001.0,98136,785000.0
3,2.0,2110.0,4000.0,98108,815000.0
1,1.0,557.0,38332.8,98102,399950.0
3,2.0,1830.0,5850.0,98126,835000.0
3,2.0,1480.0,5000.0,98116,780000.0
3,1.5,1550.0,8070.0,98133,835000.0
3,2.0,1670.0,8573.0,98146,620000.0
4,2.5,2890.0,3060.0,98115,1650000.0
3,3.5,1590.0,1781.0,98136,820000.0
1,1.0,630.0,17424.0,98109,439900.0
4,2.0,1440.0,4560.0,98126,760000.0
3,2.5,2529.0,3000.0,98122,1650000.0
3,3.0,1086.0,16117.199999999999,98144,539950.0
3,2.0,1565.0,2500.0,98103,985000.0
3,7.0,2190.0,5504.0,98112,1868000.0
2,2.0,1400.0,3060.0,98115,530000.0
3,3.5,1352.0,1680.0,98115,886000.0
4,4.0,2030.0,5400.0,98115,1349000.0
3,2.0,1455.0,43560.0,98117,959822.0
5,4.0,3240.0,8820.0,98199,1825000.0
3,2.0,924.0,11325.6,98126,422000.0
3,2.0,1758.0,1350.0,98103,1130000.0
3,2.5,1830.0,1175.0,98116,960000.0
4,3.0,2970.0,4000.0,98102,1950000.0
3,3.5,1500.0,1182.0,98103,700000.0
3,2.0,2020.0,6000.0,98119,900000.0
3,3.5,2188.0,4920.0,98112,1700000.0
2,1.5,1131.0,43560.0,98144,699950.0
2,2.0,1889.0,9601.0,98112,2750000.0
2,2.0,1131.0,6018.0,98116,575000.0
4,3.0,3300.0,7700.0,98199,1995000.0
4,2.0,2510.0,5460.0,98115,1025000.0
2,2.5,1580.0,13503.6,98178,1790000.0
1,1.0,703.0,22215.600000000002,98126,350000.0
2,2.0,1220.0,755.0,98118,600000.0
9,5.0,3590.0,4680.0,98117,1100400.0
6,5.5,4299.0,6867.0,98115,3300000.0
3,2.5,1260.0,1252.0,98117,750000.0
2,2.5,1048.0,1048.0,98115,760000.0
4,1.0,1470.0,8520.0,98125,699999.0
1,1.0,1113.0,9830.0,98102,595000.0
2,2.0,1570.0,3250.0,98103,715000.0
3,2.5,2740.0,4800.0,98117,1375000.0
2,2.5,1470.0,780.0,98103,885000.0
4,2.0,1710.0,9660.0,98118,685000.0
3,2.5,1580.0,1372.0,98103,1095000.0
2,1.0,800.0,6946.0,98125,550000.0
3,1.0,980.0,3000.0,98103,500000.0
5,3.5,3700.0,7581.0,98122,2075000.0
4,2.0,2352.0,5000.0,98199,1450000.0
3,3.0,2320.0,9465.0,98125,675000.0
2,2.0,1503.0,6250.0,98108,729000.0
4,5.5,2410.0,9000.0,98146,1500000.0
2,1.5,950.0,43560.0,98103,1270000.0
3,1.5,1640.0,5196.0,98103,1060000.0
3,1.5,2440.0,4000.0,98112,1400000.0
1,1.0,594.0,16988.4,98105,405000.0
4,2.0,1480.0,6075.0,98118,665000.0
3,2.5,1220.0,1136.0,98118,618000.0
3,2.0,2740.0,8340.0,98177,1305000.0
3,3.0,2160.0,6710.0,98118,1300000.0
2,2.0,1400.0,802.0,98199,850000.0
3,2.5,2650.0,7548.0,98136,1112000.0
2,2.0,2735.0,13068.0,98121,871000.0
2,1.0,1201.0,5000.0,98126,605000.0
6,6.0,3488.0,2388.0,98103,1225000.0
4,2.0,1742.0,54450.0,98105,781000.0
4,2.0,2390.0,5535.0,98105,1195000.0
3,1.0,4018.0,5000.0,98122,517500.0
3,3.5,1530.0,3000.0,98117,1089000.0
5,3.5,3340.0,3600.0,98112,2500000.0
2,1.0,2060.0,6000.0,98106,525000.0
3,2.5,1650.0,2752.0,98106,675000.0
1,1.0,640.0,17424.0,98144,497000.0
2,2.0,1106.0,12632.4,98109,1470000.0
2,2.0,1200.0,8000.0,98199,519000.0
3,2.5,1390.0,1570.0,98126,575000.0
3,2.0,1759.0,1188.0,98116,890000.0
2,1.5,1690.0,5027.0,98118,779000.0
4,3.5,2191.0,4120.0,98103,1394600.0
3,2.5,1380.0,1022.0,98144,655000.0
2,2.0,877.0,114562.79999999999,98115,415000.0
5,4.0,2754.0,3969.0,98126,956000.0
3,2.0,2770.0,7770.0,98115,700000.0
3,2.0,2029.0,400751.99999999994,98115,685000.0
4,3.0,2560.0,9956.0,98115,890000.0
5,3.5,2966.0,43560.0,98126,1263500.0
3,2.5,1763.0,2498.0,98117,1135000.0
3,2.5,1550.0,7089.0,98116,1350000.0
2,1.0,830.0,6600.0,98177,645000.0
5,3.5,5090.0,11761.2,98102,4325000.0
3,4.5,1460.0,1231.0,98108,700000.0
2,2.0,1036.0,656.0,98103,789950.0
3,3.0,1687.0,43560.0,98115,1035000.0
3,1.5,1430.0,8992.0,98168,438000.0
2,2.0,1960.0,7405.0,98168,580000.0
4,3.5,2720.0,7598.0,98115,1395000.0
1,1.0,706.0,20037.600000000002,98116,520000.0
3,2.0,2600.0,4200.0,98144,1525000.0
3,2.0,1900.0,6093.0,98115,965000.0
2,1.5,1580.0,6120.0,98115,1300000.0
1,1.0,1270.0,5640.0,98108,915000.0
4,2.5,2320.0,9500.0,98108,1001000.0
3,1.0,910.0,15245.999999999998,98106,650000.0
2,1.0,1915.0,5077.0,98133,725000.0
3,2.0,2462.0,3200.0,98119,1150000.0
4,3.5,2640.0,3062.0,98103,1750000.0
3,2.5,1670.0,1304.0,98144,875000.0
3,1.0,1090.0,7258.0,98133,630000.0
3,3.5,1621.0,987.0,98109,1085000.0
4,2.0,2591.0,6900.0,98125,800000.0
2,2.5,840.0,897.0,98118,612500.0
4,3.5,2910.0,3491.0,98115,2325000.0
2,1.0,1410.0,5000.0,98118,590000.0
2,1.0,770.0,4672.0,98106,560000.0
3,2.0,1900.0,6957.0,98199,1299000.0
3,2.0,2760.0,5195.0,98119,1256000.0
3,2.0,1290.0,2700.0,98144,925000.0
2,2.0,850.0,6120.0,98115,889900.0
2,1.5,900.0,900.0,98105,568000.0
6,5.0,2667.0,4000.0,98122,900000.0
2,1.5,1320.0,6080.0,98116,810000.0
2,1.0,1140.0,4920.0,98106,528000.0
3,1.0,1380.0,4080.0,98117,890000.0
3,2.0,1422.0,1405.0,98117,780000.0
2,3.0,2943.0,133293.6,98105,1650000.0
3,2.0,1250.0,6000.0,98106,625000.0
3,2.0,2390.0,10890.0,98133,1150000.0
3,2.0,1680.0,5000.0,98199,1087500.0
2,2.0,840.0,1452.0,98116,645000.0
3,1.5,1880.0,6215.0,98125,749000.0
2,2.0,881.0,6000.0,98103,550000.0
2,1.0,850.0,4000.0,98144,778000.0
3,1.5,2170.0,3000.0,98109,1250000.0
2,1.0,1110.0,5413.0,98125,820000.0
4,3.5,3930.0,4000.0,98102,2925000.0
3,1.5,1710.0,1250.0,98122,1000000.0
5,3.0,2120.0,1959.0,98126,750000.0
3,4.0,2360.0,5080.0,98115,1325000.0
4,4.0,2250.0,6600.0,98106,1070000.0
4,2.0,2320.0,6960.0,98115,1150000.0
4,3.5,3490.0,11761.2,98115,1480000.0
4,2.5,2500.0,4046.0,98117,1295000.0
2,2.5,1490.0,7547.0,98115,855000.0
3,2.5,1700.0,2125.0,98102,1475000.0
2,2.0,1261.0,978.0,98125,625000.0
4,2.0,2440.0,2168.0,98122,1060000.0
3,2.5,1420.0,2929.0,98108,750000.0
3,2.0,1380.0,815.0,98122,740000.0
3,2.0,1111.0,719.0,98112,849000.0
3,1.5,1920.0,6300.0,98133,865000.0
3,1.5,1220.0,2242.0,98144,660000.0
3,3.0,4010.0,8207.0,98112,3050000.0
2,2.0,1170.0,588.0,98144,644999.0
3,2.5,1600.0,695.0,98144,699900.0
2,1.5,1290.0,1748.0,98144,762500.0
2,1.0,980.0,3200.0,98112,800000.0
2,1.5,1260.0,3858.0,98118,715000.0
5,2.0,2660.0,6400.0,98136,1125000.0
4,3.0,2680.0,6402.0,98115,2100000.0
4,2.0,1640.0,4400.0,98136,730000.0
3,2.0,2000.0,5632.0,98115,925000.0
2,2.0,1523.0,864.0,98125,639950.0
4,3.0,2430.0,9500.0,98146,520000.0
2,2.0,1199.0,46173.600000000006,98117,375000.0
4,3.0,2160.0,6298.0,98125,980000.0
2,2.0,1425.0,18295.2,98104,899000.0
6,7.0,4570.0,12632.4,98105,1950000.0
2,1.5,940.0,1740.0,98144,640000.0
3,3.5,1710.0,1728.0,98126,699000.0
3,2.5,1430.0,1102.0,98103,855000.0
3,3.5,1500.0,1274.0,98118,598800.0
3,1.5,1376.0,1169.0,98107,780000.0
4,3.5,4002.0,5000.0,98116,2100000.0
4,1.0,1600.0,11761.2,98115,652000.0
5,3.0,2055.0,4000.0,98122,1100000.0
1,1.0,647.0,7197.0,98102,377500.0
2,2.0,940.0,585.0,98115,579000.0
2,1.5,1150.0,1262.0,98125,590000.0
2,2.5,1459.0,887.0,98103,665000.0
4,2.5,1910.0,3000.0,98103,1625000.0
4,3.0,2297.0,7200.0,98178,783000.0
4,2.5,2320.0,5001.0,98118,820000.0
5,3.5,2387.0,5445.0,98133,1125000.0
5,3.5,3270.0,4080.0,98115,2000000.0
3,2.5,1530.0,1482.0,98126,899999.0
2,1.0,1150.0,6340.0,98136,845714.0
3,2.0,1237.0,4760.0,98106,747250.0
3,2.5,1760.0,1143.0,98136,850000.0
2,2.0,2720.0,4958.0,98144,720000.0
4,2.0,1345.0,2808.0,98103,962000.0
4,3.0,2600.0,6840.0,98115,1750000.0
3,2.0,2209.0,2734.0,98115,715000.0
2,2.5,950.0,1748.0,98107,695000.0
4,2.5,1530.0,3060.0,98146,675000.0
2,1.0,830.0,6180.0,98103,942000.0
3,2.0,1590.0,910.0,98117,910000.0
3,3.0,1524.0,513.0,98122,850000.0
4,3.0,1920.0,7455.0,98125,2095000.0
4,2.0,2660.0,5243.0,98115,1357000.0
3,2.0,2284.0,6395.0,98136,850000.0
3,2.5,1604.0,1040.0,98144,760000.0
4,4.0,2555.0,4000.0,98105,1500000.0
3,1.5,2460.0,15245.999999999998,98115,1150000.0
3,2.5,2793.0,1734.0,98109,1732000.0
2,1.5,1540.0,4800.0,98106,751000.0
3,1.0,950.0,7320.0,98106,589000.0
3,1.5,1720.0,14374.800000000001,98168,426000.0
2,2.0,1470.0,7443.0,98125,707000.0
5,2.5,3500.0,14374.800000000001,98146,875000.0
3,2.5,1570.0,1362.0,98103,901000.0
2,2.0,1188.0,18730.8,98119,450000.0
3,2.5,2570.0,12196.800000000001,98118,1175000.0
3,2.5,1631.0,1485.0,98103,1049950.0
3,2.0,1596.0,27878.4,98105,505000.0
2,2.5,820.0,1293.0,98126,525000.0
3,2.5,1610.0,1500.0,98119,875000.0
3,2.0,1425.0,729.0,98117,759999.0
2,2.5,1086.0,2068.0,98115,884950.0
2,2.5,1043.0,990.0,98117,690000.0
3,2.0,1440.0,4239.0,98119,1195000.0
1,1.0,590.0,1549.0,98106,435000.0
4,2.0,2040.0,4178.0,98112,1175000.0
3,1.0,1780.0,5000.0,98144,975000.0
3,2.5,3560.0,5000.0,98116,1575000.0
2,2.5,1475.0,3753.0,98103,945000.0
4,2.5,1890.0,3000.0,98178,668000.0
4,2.0,2790.0,6250.0,98126,930000.0
4,3.5,2600.0,3900.0,98122,2225000.0
3,2.0,1060.0,8910.0,98106,575000.0
3,1.0,2180.0,10890.0,98125,720000.0
3,2.0,1379.0,3353.0,98125,729950.0
3,1.5,2550.0,4080.0,98105,958748.0
4,3.5,3815.0,3960.0,98116,2895000.0
4,2.0,2634.0,7475.0,98115,1500000.0
1,1.0,540.0,15245.999999999998,98104,335000.0
2,1.0,860.0,4800.0,98108,565000.0
3,2.5,1690.0,7200.0,98125,807500.0
3,3.5,1800.0,1545.0,98103,750000.0
3,2.5,1350.0,662.0,98119,899000.0
4,2.0,2900.0,4700.0,98144,1275000.0
3,3.0,1880.0,2200.0,98107,999950.0
1,1.0,677.0,29620.800000000003,98115,270000.0
1,1.0,820.0,5100.0,98118,530000.0
3,2.5,1360.0,1248.0,98103,700000.0
4,3.5,2600.0,4000.0,98117,1950000.0
4,3.5,2852.0,3178.0,98102,1715000.0
3,3.5,1370.0,1125.0,98133,619000.0
3,1.5,2000.0,4800.0,98112,1400000.0
3,3.5,3380.0,7531.0,98177,1599500.0
3,3.0,1620.0,5760.0,98136,1058000.0
3,2.0,2270.0,7920.0,98122,1550000.0
3,1.0,1200.0,9180.0,98168,500000.0
2,2.0,1225.0,960.0,98115,725000.0
3,2.0,1380.0,8580.0,98125,775000.0
2,1.0,1200.0,6200.0,98103,1025100.0
2,2.0,1620.0,3090.0,98103,835000.0
3,2.0,2950.0,5350.0,98199,1500000.0
4,2.0,2100.0,3600.0,98116,1225000.0
3,2.0,1705.0,7680.0,98177,910000.0
4,4.5,3610.0,4500.0,98112,2800000.0
3,3.5,1800.0,1563.0,98103,1050000.0
3,1.0,2130.0,3710.0,98117,850000.0
2,2.0,1367.0,86248.8,98121,1350000.0
3,2.5,1730.0,2757.0,98125,800000.0
4,3.5,4194.0,5400.0,98112,3500000.0
9,9.0,3780.0,5020.0,98119,1210000.0
3,3.0,1410.0,826.0,98107,865000.0
4,1.0,1340.0,3825.0,98117,875000.0
5,1.0,2380.0,4240.0,98136,539000.0
3,4.5,2140.0,3314.0,98109,1835000.0
3,2.0,2080.0,5650.0,98178,738000.0
2,1.0,1410.0,6180.0,98118,799000.0
1,1.0,571.0,25264.8,98121,331000.0
4,2.5,2340.0,9670.0,98106,870000.0
5,4.5,5210.0,6772.0,98122,3320000.0
2,1.5,1060.0,5137.0,98118,530000.0
2,2.5,996.0,2450.0,98122,799000.0
4,2.0,1850.0,3570.0,98105,1200000.0
1,1.0,690.0,4000.0,98117,560000.0
4,2.0,2260.0,3750.0,98107,1330000.0
4,3.5,3190.0,4305.0,98107,2130000.0
3,2.5,1846.0,10454.4,98199,1060000.0
3,2.0,1700.0,3220.0,98118,999999.0
4,2.0,2240.0,6240.0,98126,795000.0
4,2.0,1660.0,2280.0,98103,1127500.0
2,3.0,1780.0,2240.0,98133,720000.0
4,3.5,2270.0,2500.0,98146,710000.0
3,3.5,2024.0,1694.0,98107,1200000.0
2,2.5,1103.0,5500.0,98107,780000.0
3,1.0,1460.0,5856.0,98115,880000.0
6,7.0,4260.0,3600.0,98119,2300000.0
3,2.5,1660.0,2700.0,98122,816750.0
3,1.5,1350.0,1193.0,98107,750000.0
4,3.0,2949.0,5580.0,98103,1610000.0
3,2.5,1718.0,1268.0,98117,900000.0
2,1.0,1370.0,6084.0,98119,1000000.0
4,2.5,1822.0,1500.0,98199,1033000.0
2,1.0,800.0,560.0,98103,690000.0
2,1.0,903.0,176853.59999999998,98146,312500.0
3,2.0,2140.0,9290.0,98133,925000.0
4,5.0,2970.0,7961.0,98125,1450000.0
2,2.0,900.0,8000.0,98122,590000.0
2,2.0,2600.0,3600.0,98122,750000.0
2,1.0,1180.0,4386.0,98106,419000.0
1,1.0,564.0,4356000.0,98103,602000.0
4,2.0,1700.0,8001.0,98125,891000.0
3,3.0,1524.0,513.0,98122,875000.0
3,3.0,1410.0,1316.0,98103,1200000.0
1,1.0,831.0,30491.999999999996,98136,480000.0
5,3.0,3060.0,7006.0,98118,889000.0
4,2.0,2352.0,4000.0,98107,1295000.0
4,3.5,2304.0,4503.0,98103,1550000.0
3,1.0,1450.0,7200.0,98115,1125000.0
2,1.0,980.0,13939.2,98168,475000.0
2,1.5,1550.0,7154.0,98112,1550000.0
1,1.0,704.0,500.0,98144,645000.0
1,1.5,1425.0,97138.8,98102,2200000.0
5,3.5,4060.0,3400.0,98116,2888000.0
2,2.0,979.0,13939.2,98199,470000.0
4,2.0,1830.0,6000.0,98136,950000.0
2,1.0,1260.0,7440.0,98133,626000.0
2,1.0,1027.0,79714.8,98115,300000.0
5,2.0,3210.0,7578.0,98115,688000.0
4,2.0,1760.0,4700.0,98115,999950.0
2,1.0,860.0,4000.0,98178,480000.0
4,2.5,1560.0,2400.0,98144,1110000.0
4,3.0,3110.0,5715.0,98119,1500000.0
3,2.0,1440.0,6120.0,98115,935000.0
3,2.0,1500.0,5750.0,98136,770000.0
3,1.5,2160.0,5080.0,98117,915000.0
4,5.5,3100.0,9450.0,98125,1375000.0
1,1.0,522.0,5000.0,98107,325000.0
3,2.0,1560.0,1170.0,98117,920000.0
3,3.0,3400.0,8000.0,98136,1150000.0
2,2.0,1761.0,400751.99999999994,98115,665000.0
2,1.5,1076.0,1060.0,98125,549000.0
2,2.0,1217.0,1331.0,98199,787950.0
3,3.5,1450.0,1467.0,98126,670000.0
2,1.0,1000.0,4400.0,98112,750000.0
2,2.5,1124.0,1354.0,98115,799950.0
4,3.5,3070.0,5016.0,98144,1900000.0
1,1.0,480.0,560.0,98109,275000.0
3,2.0,1860.0,3400.0,98105,1165000.0
2,1.0,740.0,6300.0,98126,500000.0
3,2.0,1440.0,9065.0,98133,830000.0
3,1.0,1340.0,6223.0,98117,765000.0
3,3.0,1700.0,6882.0,98136,1275000.0
4,3.5,2950.0,5000.0,98105,1800000.0
3,2.5,4240.0,9487.0,98116,2725000.0
4,3.5,3495.0,4080.0,98144,2000000.0
3,3.0,2560.0,2500.0,98112,1300000.0
3,3.0,2040.0,4000.0,98117,1000000.0
3,1.0,890.0,5200.0,98126,575000.0
3,1.5,1730.0,5000.0,98115,870000.0
4,2.0,2400.0,8160.0,98177,900000.0
3,2.5,1270.0,924.0,98144,675000.0
4,3.0,1830.0,4000.0,98107,1352000.0
3,2.5,2470.0,4452.0,98126,800000.0
4,4.0,2300.0,5700.0,98115,1210000.0
4,2.5,1600.0,2336.0,98105,699000.0
3,2.5,2230.0,7944.0,98178,555000.0
1,1.0,956.0,5480.0,98104,870000.0
3,3.0,1872.0,2475.0,98107,1050000.0
4,5.0,2030.0,5124.0,98106,700000.0
4,2.0,1980.0,2242.0,98136,785000.0
3,3.0,1180.0,1003.0,98116,729000.0
4,2.5,2630.0,4500.0,98122,1340000.0
4,2.0,2010.0,4275.0,98115,1100000.0
4,3.5,3487.0,9500.0,98136,2010000.0
4,2.0,2570.0,3440.0,98112,850000.0
2,2.0,1440.0,8100.0,98168,390000.0
2,2.0,1131.0,18730.8,98103,470000.0
2,1.0,1440.0,7531.0,98133,675000.0
3,3.5,2010.0,2208.0,98117,1111111.0
2,3.0,1073.0,118047.59999999999,98133,429900.0
4,3.5,3300.0,6840.0,98125,1575000.0
4,2.0,3040.0,5272.0,98199,1665500.0
4,2.5,2500.0,8760.0,98146,577000.0
4,1.0,1810.0,5073.0,98126,655500.0
3,2.0,1411.0,15245.999999999998,98104,699000.0
3,1.0,3960.0,10890.0,98118,722500.0
3,1.0,1000.0,9856.0,98136,750000.0
5,2.0,2300.0,3315.0,98105,1266000.0
5,3.0,2820.0,7707.0,98117,1550000.0
3,1.0,1620.0,3000.0,98118,600000.0
3,2.0,1470.0,1232.0,98136,875000.0
2,2.5,1088.0,33541.200000000004,98133,475000.0
5,2.0,2160.0,7620.0,98106,795000.0
3,3.5,3105.0,2557.0,98112,2250000.0
2,2.0,1200.0,1247.0,98122,699950.0
2,2.0,1240.0,583.0,98117,710000.0
3,2.5,1550.0,1131.0,98122,1065000.0
7,4.0,2300.0,2920.0,98122,1095000.0
4,3.0,2466.0,6030.0,98115,1299000.0
2,2.0,1817.0,1156.0,98102,2100000.0
4,3.0,1500.0,3360.0,98122,1155000.0
4,2.0,2380.0,4500.0,98144,525000.0
2,2.0,1524.0,6250.0,98108,710000.0
3,2.5,1370.0,982.0,98117,699500.0
3,2.0,1449.0,939.0,98107,720000.0
2,2.0,1140.0,1045.0,98103,850000.0
3,2.5,1010.0,570.0,98118,615000.0
9,5.0,3014.0,7908.0,98178,835000.0
3,3.5,1450.0,1081.0,98118,580000.0
2,2.0,1248.0,912.0,98122,890955.0
4,2.0,2600.0,4224.0,98117,1098500.0
3,2.0,1328.0,839.0,98103,929950.0
1,1.0,614.0,16117.199999999999,98109,369950.0
4,3.0,2481.0,8297.0,98115,999000.0
4,1.0,1420.0,5240.0,98178,445000.0
4,3.0,2040.0,5000.0,98117,1410000.0
3,3.0,1390.0,5000.0,98126,1095000.0
2,3.0,920.0,675.0,98107,690000.0
4,3.5,1835.0,1884.0,98103,1299950.0
4,2.0,1840.0,3760.0,98103,825000.0
3,2.5,3020.0,7500.0,98177,1450000.0
3,2.0,2520.0,4000.0,98115,1050000.0
4,5.0,2240.0,5624.0,98108,965000.0
3,2.5,1880.0,1282.0,98106,725000.0
2,2.0,995.0,5000.0,98144,850000.0
2,1.0,730.0,6200.0,98105,25000000.0
4,2.0,1500.0,4471.0,98133,947000.0
3,2.0,2080.0,6769.0,98108,800000.0
3,3.0,1425.0,1199.0,98177,819950.0
4,2.5,3840.0,52272.0,98177,2195000.0
4,3.0,2074.0,1999.0,98126,812500.0
5,3.0,3556.0,6120.0,98115,2250000.0
1,1.0,1100.0,747.0,98107,745000.0
2,1.0,730.0,5150.0,98106,545000.0
4,2.0,1170.0,9216.0,98178,390000.0
4,3.0,2240.0,8691.0,98118,625000.0
4,2.0,1750.0,6380.0,98115,855000.0
5,3.0,2480.0,5100.0,98117,1135000.0
4,2.5,1420.0,1800.0,98103,760000.0
2,1.0,990.0,3844.0,98133,474000.0
2,1.0,1520.0,4250.0,98117,820000.0
5,2.0,2100.0,6000.0,98108,599950.0
3,3.0,1740.0,5000.0,98136,1010000.0
2,2.0,1760.0,6150.0,98108,750000.0
4,3.5,3018.0,3600.0,98103,1795000.0
2,1.0,2380.0,6061.0,98108,640000.0
5,5.0,3810.0,13939.2,98177,1180000.0
2,2.5,1048.0,834.0,98112,899000.0
3,1.5,1610.0,4000.0,98122,1106000.0
4,2.5,2213.0,3367.0,98107,1075000.0
2,1.0,850.0,3056.0,98107,813000.0
3,3.0,1280.0,2600.0,98103,900000.0
3,1.0,980.0,4200.0,98119,700000.0
4,3.5,3840.0,13939.2,98118,1250000.0
2,2.0,1006.0,144619.19999999998,98112,650000.0
4,2.0,1450.0,1000.0,98109,1185000.0
4,2.0,2140.0,4947.0,98136,960000.0
4,3.0,2480.0,4000.0,98103,1605000.0
5,2.0,2420.0,4080.0,98117,960000.0
3,4.5,1760.0,1008.0,98109,1440000.0
2,2.0,1170.0,588.0,98144,624999.0
3,2.0,1730.0,8421.0,98125,910000.0
3,2.0,1940.0,4850.0,98107,895000.0
4,2.5,3400.0,6000.0,98112,2100000.0
3,2.0,1360.0,7680.0,98125,830000.0
2,2.0,875.0,901.0,98116,656500.0
6,2.0,2230.0,5300.0,98118,700000.0
5,2.0,4190.0,8500.0,98119,2300000.0
3,2.5,2220.0,3060.0,98117,1167500.0
2,1.0,830.0,1980.0,98117,450000.0
3,2.5,2090.0,5000.0,98108,820000.0
3,1.0,1210.0,6000.0,98119,795000.0
2,1.0,691.0,43560.0,98102,998000.0
3,2.5,1820.0,43560.0,98118,690000.0
4,2.5,3105.0,7875.0,98115,1040000.0
4,2.0,1680.0,7840.0,98178,517500.0
3,2.0,2495.0,4000.0,98105,1250000.0
5,3.0,2450.0,4980.0,98144,1270000.0
4,2.0,2787.0,6011.0,98122,1207000.0
5,3.5,3310.0,2943.0,98102,1637500.0
5,4.0,3180.0,3400.0,98105,2100000.0
5,2.5,3350.0,8317.0,98126,1275000.0
2,2.0,1365.0,770.0,98122,799000.0
3,3.0,1660.0,7650.0,98117,1200000.0
3,1.5,1880.0,6194.0,98118,489000.0
1,1.0,580.0,4657.0,98102,395000.0
3,2.0,1270.0,11325.6,98146,590000.0
3,1.0,860.0,5400.0,98125,699000.0
3,3.5,1840.0,1312.0,98117,1025000.0
5,3.0,2140.0,7244.0,98125,850000.0
2,2.0,1437.0,1085.0,98122,969950.0
2,1.5,1390.0,746.0,98107,759950.0
2,1.5,870.0,938.0,98115,700000.0
5,4.5,2840.0,3200.0,98112,500000.0
3,2.0,2260.0,3880.0,98107,877000.0
2,2.0,886.0,1037.0,98116,660000.0
2,1.0,1048.0,28749.600000000002,98121,760000.0
4,2.0,1800.0,7455.0,98117,1100000.0
2,2.0,1390.0,8509.0,98116,954500.0
3,2.5,2600.0,8023.0,98136,1475000.0
4,2.0,2640.0,8385.0,98168,780000.0
2,1.5,1020.0,1249.0,98102,765000.0
3,3.0,2630.0,3755.0,98115,1130000.0
4,3.5,2910.0,4000.0,98144,1865000.0
3,2.0,1580.0,5040.0,98116,1000000.0
2,1.0,885.0,154202.4,98105,389000.0
3,2.0,2100.0,5750.0,98116,1325000.0
4,2.0,2010.0,9612.0,98105,1250000.0
4,2.0,1480.0,6820.0,98126,830000.0
3,2.0,1560.0,2400.0,98117,1180000.0
2,2.0,804.0,5000.0,98107,465600.0
4,2.0,2080.0,3850.0,98105,975000.0
2,1.0,910.0,2000.0,98117,800000.0
3,2.5,1620.0,7500.0,98106,875100.0
3,3.5,1970.0,1125.0,98105,868500.0
3,2.0,1720.0,6720.0,98116,869000.0
4,2.0,1545.0,4963.0,98103,1253000.0
3,2.5,1710.0,4814.0,98115,1190000.0
1,2.0,1141.0,17859.6,98122,699950.0
2,3.0,1276.0,1187.0,98106,520000.0
2,1.5,1978.0,5000.0,98118,858000.0
2,1.0,1060.0,8908.0,98125,700000.0
5,3.5,3220.0,4640.0,98103,820000.0
4,2.0,1170.0,9594.0,98168,530000.0
3,2.0,1770.0,5100.0,98118,660000.0
2,2.0,1420.0,1232.0,98107,690000.0
4,2.5,2980.0,3618.0,98125,1445000.0
4,1.5,1630.0,7182.0,98133,734950.0
2,1.0,680.0,8795.0,98125,625000.0
2,1.0,900.0,6030.0,98168,409050.0
5,3.5,3400.0,4560.0,98109,3340000.0
3,2.0,1300.0,2250.0,98103,735000.0
2,2.0,1094.0,5250.0,98122,675000.0
3,2.5,1763.0,2498.0,98117,1125000.0
2,1.0,940.0,3300.0,98118,550000.0
3,2.5,1820.0,1595.0,98103,990000.0
2,2.0,1200.0,1247.0,98122,705000.0
3,2.0,1939.0,13503.6,98109,1070000.0
4,2.0,1780.0,5000.0,98117,1181500.0
3,2.0,2370.0,4400.0,98119,1180000.0
2,2.5,1411.0,1201.0,98117,830000.0
4,2.5,2360.0,5725.0,98199,1750000.0
3,2.0,2630.0,9702.0,98117,1290000.0
5,3.0,2700.0,5670.0,98119,1025000.0
1,1.0,513.0,28749.600000000002,98121,315000.0
1,1.0,780.0,8960.0,98106,500000.0
4,3.0,2050.0,4362.0,98136,920000.0
2,2.0,950.0,1308.0,98117,705000.0
3,1.5,1870.0,9975.0,98168,500000.0
3,2.5,1060.0,1124.0,98117,765000.0
3,2.5,1860.0,1063.0,98103,1025000.0
3,1.5,1420.0,6009.0,98117,980000.0
3,1.0,1390.0,3090.0,98144,850000.0
3,2.0,1096.0,43560.0,98117,874500.0
3,1.0,1100.0,4120.0,98106,468000.0
3,1.0,1010.0,7100.0,98178,475000.0
2,1.5,1480.0,6000.0,98118,948800.0
3,2.0,1890.0,6808.0,98106,700000.0
4,2.0,2500.0,4414.0,98144,972500.0
4,3.5,2840.0,4000.0,98108,925000.0
3,2.0,1608.0,1568.0,98103,732000.0
2,2.5,1701.0,1827.0,98112,1354000.0
1,1.0,376.0,10018.800000000001,98199,1000000.0
1,2.0,1250.0,5183.0,98116,160000.0
3,2.5,1790.0,1600.0,98117,1050000.0
4,2.0,1670.0,7260.0,98106,650000.0
3,2.0,1640.0,5100.0,98136,900000.0
4,4.5,3228.0,3600.0,98119,2050000.0
4,2.0,1720.0,4242.0,98118,705000.0
4,2.0,2060.0,8762.0,98168,575000.0
3,2.0,1840.0,3432.0,98115,865000.0
4,3.5,3180.0,3375.0,98122,2485000.0
3,3.0,1760.0,8160.0,98125,670000.0
2,1.0,1350.0,6600.0,98115,799950.0
3,2.0,1740.0,3519.0,98199,1310000.0
3,2.0,1490.0,1050.0,98107,900000.0
3,3.0,2380.0,6172.0,98199,1385000.0
1,1.0,815.0,20908.8,98121,465000.0
4,3.5,2900.0,7470.0,98125,1337000.0
5,3.0,2370.0,5292.0,98118,800000.0
4,1.0,2470.0,13503.6,98178,770000.0
4,1.0,1740.0,6000.0,98119,925000.0
5,3.5,2610.0,3623.0,98118,915000.0
4,3.5,2015.0,1886.0,98116,1240000.0
5,3.5,3880.0,6000.0,98112,2975000.0
4,2.0,2280.0,10890.0,98168,625000.0
4,3.0,2570.0,4480.0,98105,1555000.0
5,2.0,2740.0,2850.0,98103,1175000.0
2,2.0,1469.0,1762.0,98115,900000.0
3,2.5,2860.0,4500.0,98126,1630000.0
5,4.5,3370.0,5100.0,98117,1975000.0
3,1.0,1300.0,3520.0,98109,1000000.0
2,1.0,780.0,8184.0,98118,675000.0
5,6.0,6990.0,4703.0,98103,1880000.0
2,2.5,867.0,1753.0,98115,679000.0
3,2.5,2120.0,5120.0,98122,1365000.0
2,2.0,1163.0,583.0,98117,648800.0
3,2.0,1740.0,8309.0,98115,1070000.0
4,3.0,1810.0,5850.0,98116,1118000.0
3,1.0,1177.0,6150.0,98126,650000.0
2,1.5,770.0,850.0,98116,550000.0
4,2.0,1870.0,5280.0,98199,1040000.0
1,1.0,696.0,186001.19999999998,98115,305000.0
3,2.5,1380.0,1464.0,98126,523750.0
2,1.0,1650.0,6650.0,98106,630000.0
3,2.0,1640.0,5145.0,98106,700000.0
3,3.5,1360.0,1248.0,98103,700000.0
3,1.0,970.0,8160.0,98177,625000.0
5,2.0,2180.0,8100.0,98122,950000.0
4,3.5,2970.0,3751.0,98103,2080000.0
4,2.0,2340.0,4560.0,98103,1800000.0
3,3.0,1420.0,6037.0,98115,950000.0
3,2.5,1520.0,2814.0,98108,818000.0
2,2.0,1242.0,742.0,98122,769950.0
4,3.0,3410.0,7389.0,98144,1850000.0
4,1.0,1150.0,5665.0,98118,575000.0
3,2.0,1170.0,979.0,98144,740000.0
3,2.0,1360.0,8100.0,98125,850000.0
2,2.0,1200.0,1948.0,98125,620000.0
4,2.0,2680.0,6035.0,98177,950000.0
2,1.0,670.0,6300.0,98126,510000.0
3,3.5,1240.0,1164.0,98116,690000.0
4,3.0,2940.0,4000.0,98126,1250000.0
2,2.0,1187.0,1093.0,98115,750000.0
4,2.0,1488.0,3920.0,98115,750000.0
3,1.0,970.0,12196.800000000001,98146,515000.0
3,2.5,1681.0,172933.2,98126,610000.0
2,2.0,1144.0,4850.0,98107,769950.0
4,3.5,2860.0,5880.0,98199,1657500.0
3,2.5,3100.0,4120.0,98112,2610000.0
4,3.5,2400.0,3060.0,98103,1750000.0
3,2.5,2920.0,9918.0,98133,985000.0
5,3.0,3450.0,3920.0,98109,1981000.0
3,2.5,1330.0,936.0,98107,819999.0
4,3.5,2440.0,7200.0,98125,1185000.0
3,3.5,1580.0,1312.0,98144,950000.0
3,2.0,2299.0,6022.0,98199,1435000.0
5,3.0,2360.0,2833.0,98103,1240000.0
4,3.0,1780.0,5005.0,98117,1184000.0
3,2.0,2250.0,8030.0,98105,2080000.0
5,3.0,1900.0,8160.0,98118,895000.0
5,2.5,3090.0,6161.0,98105,1600000.0
5,6.5,6240.0,6750.0,98115,3122000.0
2,1.0,770.0,5569.0,98115,640000.0
1,1.0,820.0,13503.6,98121,590000.0
3,2.0,1622.0,1521.0,98125,692950.0
2,1.0,1210.0,2000.0,98144,725000.0
3,1.5,1240.0,5000.0,98117,850000.0
3,3.0,2080.0,2486.0,98108,762000.0
2,2.0,875.0,898.0,98116,625000.0
4,2.0,2425.0,5500.0,98105,1295000.0
4,2.5,1760.0,2670.0,98144,925000.0
2,2.5,994.0,1388.0,98136,670000.0
1,1.0,515.0,57063.600000000006,98109,387000.0
3,3.5,1660.0,1228.0,98144,765000.0
4,2.0,1730.0,7723.0,98126,875000.0
5,3.0,1790.0,10018.800000000001,98125,964000.0
2,2.0,1470.0,1094.0,98126,718000.0
3,2.0,2440.0,2700.0,98103,1000000.0
4,2.0,2880.0,5000.0,98103,1485000.0
3,2.0,1678.0,1191.0,98103,1160000.0
3,2.0,1400.0,1281.0,98117,780000.0
6,4.5,5200.0,10890.0,98144,3050000.0
4,3.0,2311.0,6048.0,98115,1211000.0
3,1.5,1060.0,6765.0,98178,535000.0
2,1.0,1150.0,7425.0,98118,575000.0
5,3.0,2580.0,4462.0,98109,1500000.0
4,3.5,3240.0,5600.0,98105,2675000.0
5,3.5,3710.0,5259.0,98199,2525000.0
4,3.5,1632.0,13068.0,98136,825000.0
6,7.0,4641.0,5000.0,98112,1850000.0
3,3.5,1846.0,2250.0,98107,1170000.0
3,2.0,1240.0,5400.0,98117,705000.0
2,1.0,1760.0,4264.0,98126,550000.0
1,1.5,1285.0,41817.6,98121,1250000.0
4,2.5,3707.0,8100.0,98177,2100000.0
3,2.0,1120.0,5518.0,98106,600000.0
6,5.0,3300.0,6800.0,98105,3598950.0
3,2.0,2160.0,4590.0,98115,825000.0
2,1.0,1440.0,7080.0,98146,488000.0
5,2.0,2567.0,4995.0,98144,1550000.0
3,2.0,1960.0,3300.0,98103,865000.0
5,3.0,2610.0,2550.0,98109,1795000.0
1,1.0,777.0,176853.59999999998,98146,244950.0
3,3.5,1590.0,1314.0,98144,899000.0
3,1.5,1570.0,3880.0,98117,975000.0
4,3.0,2440.0,8556.0,98199,1850000.0
4,4.0,3463.0,4304.0,98112,2050000.0
2,4.5,1840.0,1500.0,98103,1049000.0
2,2.0,1554.0,400751.99999999994,98115,660000.0
2,1.0,950.0,4300.0,98144,337000.0
2,2.0,1371.0,5480.0,98116,1295000.0
3,2.0,2040.0,4000.0,98144,695000.0
4,2.5,2780.0,8967.0,98136,1530000.0
5,3.5,3410.0,5000.0,98115,1725000.0
2,1.5,2280.0,4000.0,98144,650000.0
3,2.0,2100.0,7800.0,98168,510000.0
2,2.0,1101.0,1608.0,98115,780000.0
3,1.5,1030.0,6086.0,98125,739000.0
2,2.0,1042.0,1615.0,98144,630000.0
3,3.5,1740.0,5000.0,98103,1020000.0
1,1.0,460.0,8094.0,98108,1250000.0
3,2.0,1540.0,993.0,98122,900000.0
5,2.0,2800.0,6250.0,98103,1200000.0
3,3.5,2480.0,5118.0,98122,1500000.0
5,3.0,2170.0,6650.0,98168,740000.0
5,4.0,2447.0,3100.0,98117,1500000.0
3,2.0,2164.0,4000.0,98117,800000.0
2,1.0,740.0,7500.0,98126,553500.0
3,2.5,2080.0,5160.0,98116,1200000.0
2,1.0,1800.0,2613.0,98105,25000000.0
2,2.0,1180.0,792.0,98106,527000.0
3,2.0,2020.0,5525.0,98117,1625000.0
3,3.5,1150.0,1199.0,98103,625000.0
3,2.0,1220.0,43560.0,98107,824900.0
2,1.0,810.0,6400.0,98146,435000.0
1,1.0,696.0,17859.6,98119,400000.0
3,3.5,2030.0,2500.0,98122,1200000.0
5,3.5,3930.0,7650.0,98133,1800000.0
5,2.0,2920.0,7800.0,98117,1359000.0
4,2.0,1460.0,5000.0,98116,787500.0
4,1.5,2770.0,3038.0,98119,850000.0
3,3.5,1690.0,1444.0,98103,965000.0
3,1.0,1170.0,8100.0,98133,825000.0
4,2.0,2370.0,8775.0,98125,1125000.0
2,1.0,976.0,2064.0,98106,475000.0
2,2.0,1040.0,12632.4,98102,685000.0
3,2.0,1711.0,1171.0,98125,675500.0
2,1.0,860.0,8280.0,98125,675000.0
1,1.0,704.0,43560.0,98144,569000.0
3,2.5,1790.0,5761.0,98106,590000.0
3,2.0,2140.0,7200.0,98115,918000.0
4,3.0,2040.0,6348.0,98103,940000.0
3,2.0,1894.0,2340.0,98144,697000.0
4,2.5,2750.0,5589.0,98112,1680000.0
4,3.5,2900.0,5040.0,98107,1600000.0
2,1.0,670.0,4500.0,98106,490000.0
4,2.5,2190.0,4590.0,98136,1075000.0
4,1.5,1810.0,9998.0,98133,764000.0
3,3.0,1440.0,5300.0,98144,1050000.0
3,2.0,2170.0,7920.0,98178,560000.0
2,2.0,993.0,10454.4,98103,709600.0
3,3.5,1450.0,1020.0,98115,835000.0
4,3.5,2336.0,2392.0,98115,975000.0
4,3.0,2320.0,4640.0,98112,1472500.0
3,2.0,1470.0,2226.0,98106,600000.0
3,1.5,990.0,4500.0,98122,775000.0
4,3.0,2110.0,7680.0,98115,1180000.0
3,1.0,1670.0,5500.0,98136,731000.0
3,2.0,2060.0,5280.0,98126,756110.0
3,1.0,1920.0,7550.0,98146,456000.0
3,2.5,2910.0,5200.0,98109,1975000.0
2,1.5,912.0,43560.0,98103,819980.0
2,2.5,1160.0,1332.0,98103,850000.0
3,1.0,2280.0,6900.0,98116,1005000.0
3,2.5,1515.0,1563.0,98102,905000.0
3,2.5,2600.0,9100.0,98146,875000.0
3,2.0,1000.0,1916.0,98122,710000.0
2,1.0,672.0,12196.800000000001,98168,373000.0
3,2.0,2190.0,5000.0,98106,840000.0
1,2.0,1517.0,13939.2,98105,1350000.0
4,2.0,2160.0,4000.0,98122,1400000.0
4,1.0,2290.0,2703.0,98103,905000.0
3,1.0,1920.0,9399.0,98117,725000.0
3,3.0,1540.0,1044.0,98115,800000.0
2,1.5,1670.0,5500.0,98117,1025000.0
4,3.0,2700.0,8360.0,98199,1100000.0
2,2.5,2282.0,119790.0,98168,475000.0
7,3.5,4530.0,5047.0,98103,2950000.0
3,2.0,1590.0,2500.0,98117,880000.0
3,2.0,2840.0,5196.0,98199,1400000.0
6,3.0,2350.0,8800.0,98118,850000.0
1,1.0,630.0,15245.999999999998,98104,335000.0
4,3.5,4350.0,7000.0,98136,2000000.0
1,3.0,1730.0,5500.0,98118,750000.0
3,2.0,1684.0,1395.0,98117,870000.0
3,2.5,2040.0,3298.0,98136,1200000.0
2,2.0,1057.0,12196.800000000001,98105,599900.0
3,2.0,2256.0,3500.0,98119,1370000.0
4,2.0,1900.0,5350.0,98118,670000.0
2,1.0,760.0,8686.0,98115,775000.0
2,1.0,780.0,6860.0,98146,395000.0
4,3.0,3020.0,3254.0,98106,1499000.0
1,2.5,2220.0,2519.0,98103,1200000.0
4,2.0,1530.0,8782.0,98118,645000.0
2,1.0,850.0,6000.0,98118,580000.0
3,2.5,1860.0,7992.0,98136,1050000.0
2,2.0,980.0,3000.0,98118,849950.0
3,2.0,1470.0,1348.0,98107,933500.0
2,1.0,980.0,2226.0,98144,598000.0
3,1.0,996.0,2588.0,98125,560000.0
1,1.0,980.0,3700.0,98106,485000.0
4,1.5,2380.0,5500.0,98117,937000.0
2,2.0,2470.0,4800.0,98102,1525000.0
4,4.0,2120.0,6000.0,98136,900000.0
2,2.5,840.0,2891.0,98115,720000.0
4,5.0,1910.0,6750.0,98177,800000.0
2,1.0,1380.0,6613.0,98106,640000.0
4,5.0,2390.0,6156.0,98117,1500000.0
4,3.0,2840.0,4550.0,98122,1399990.0
3,3.5,2996.0,5219.0,98115,2050000.0
5,3.5,5020.0,5880.0,98126,1550000.0
3,2.0,1498.0,1238.0,98122,935000.0
2,1.0,711.0,5011.0,98107,485000.0
4,3.0,2740.0,5616.0,98115,1220000.0
3,2.0,1328.0,859.0,98103,920000.0
2,2.0,1332.0,1101.0,98199,845000.0
3,2.0,2020.0,6397.0,98117,840000.0
2,2.0,1546.0,1368.0,98108,669000.0
4,3.0,2970.0,7350.0,98118,720000.0
3,3.5,1615.0,43560.0,98133,796000.0
2,2.0,1170.0,588.0,98144,625000.0
3,2.0,1350.0,1056.0,98136,722500.0
2,2.0,1143.0,672.0,98107,689900.0
3,2.5,1220.0,1095.0,98109,900000.0
4,1.5,2100.0,6532.0,98199,875000.0
4,1.5,3200.0,5508.0,98117,1290000.0
3,2.0,2930.0,30491.999999999996,98146,775000.0
4,4.0,2550.0,5300.0,98117,1550000.0
2,2.0,789.0,11761.2,98107,475000.0
3,3.0,2546.0,3600.0,98109,1810000.0
2,1.0,680.0,8382.0,98146,565000.0
2,1.5,1000.0,1000.0,98117,640000.0
3,2.0,1676.0,4828.0,98115,840000.0
1,1.0,750.0,5750.0,98116,725000.0
4,2.0,3220.0,7800.0,98177,2000000.0
2,2.0,2340.0,6802.0,98105,1398000.0
5,3.0,4040.0,4320.0,98105,1650000.0
2,1.0,990.0,4800.0,98108,455000.0
4,4.0,2850.0,4900.0,98105,1755000.0
4,2.5,1620.0,6120.0,98126,849950.0
2,1.0,1240.0,4317.0,98116,656500.0
3,2.5,1620.0,1377.0,98112,935000.0
3,3.0,1608.0,2039.0,98126,625000.0
4,1.0,1530.0,6250.0,98117,740000.0
4,2.0,2270.0,3600.0,98119,1335000.0
2,1.0,1180.0,1560.0,98122,677000.0
1,1.0,672.0,23522.4,98107,464000.0
3,1.5,998.0,904.0,98117,610000.0
4,2.0,2220.0,5775.0,98144,740000.0
1,1.0,700.0,17859.6,98119,405000.0
7,6.0,7636.0,8625.0,98103,2225000.0
4,5.5,3530.0,19166.4,98118,1550000.0
3,2.0,1620.0,3840.0,98117,675000.0
4,3.0,1620.0,3380.0,98117,950000.0
4,3.5,2600.0,4101.0,98108,1060000.0
3,2.0,1960.0,6138.0,98115,900000.0
2,2.0,950.0,29620.800000000003,98106,395000.0
2,2.0,1410.0,10890.0,98112,880000.0
2,1.5,1022.0,43560.0,98144,729000.0
4,2.0,2840.0,5750.0,98126,1175000.0
5,2.0,1920.0,4173.0,98118,739000.0
3,3.5,3880.0,12632.4,98199,2500000.0
3,2.0,1010.0,6300.0,98106,650000.0
6,4.0,3300.0,3810.0,98103,1237500.0
3,1.0,1070.0,6567.0,98178,580000.0
3,1.0,1270.0,7140.0,98117,1050000.0
3,2.0,1413.0,43560.0,98103,1099970.0
3,2.5,1820.0,3090.0,98115,1030000.0
3,3.5,3290.0,7338.0,98126,1400000.0
2,2.0,1391.0,1049.0,98115,672500.0
2,2.0,1372.0,900.0,98125,649950.0
2,1.5,960.0,8057.0,98199,515000.0
3,2.5,1890.0,1097.0,98144,699000.0
4,3.0,2230.0,6700.0,98115,1150000.0
4,2.0,1820.0,5600.0,98117,760000.0
8,4.5,3600.0,4360.0,98105,1500000.0
2,2.5,1305.0,2044.0,98116,770000.0
3,2.0,1840.0,3880.0,98117,959630.0
2,2.5,1040.0,990.0,98117,705000.0
4,2.5,3198.0,5000.0,98103,1712000.0
2,2.5,950.0,1500.0,98107,675000.0
3,1.0,1050.0,4080.0,98117,835000.0
3,1.0,860.0,8054.0,98178,425000.0
4,3.0,1890.0,1097.0,98144,699000.0
2,2.5,1138.0,172933.2,98126,515000.0
4,2.0,1830.0,9920.0,98146,535000.0
2,1.0,1980.0,2295.0,98144,699950.0
3,5.5,1730.0,1766.0,98105,850000.0
3,3.0,2462.0,2272.0,98117,915000.0
3,3.5,1300.0,1994.0,98106,583000.0
4,2.0,1550.0,6000.0,98103,1325000.0
3,3.5,1679.0,43560.0,98126,689000.0
3,1.0,1220.0,5850.0,98116,680000.0
3,1.5,1540.0,8505.0,98178,535000.0
3,2.0,1520.0,2185.0,98116,916500.0
3,1.0,1320.0,6250.0,98168,529000.0
2,1.0,1290.0,1875.0,98103,640000.0
3,2.5,1870.0,837.0,98117,890000.0
3,3.5,1762.0,1494.0,98102,1000000.0
3,1.0,1240.0,4842.0,98118,531000.0
3,1.5,1307.0,1362.0,98125,650000.0
2,1.5,1070.0,1569.0,98103,849950.0
2,1.0,1820.0,7500.0,98125,1037300.0
3,2.0,1790.0,4080.0,98115,900000.0
5,3.5,3700.0,5520.0,98119,2050000.0
4,3.5,3340.0,6300.0,98144,2100000.0
4,2.5,2250.0,7650.0,98106,924900.0
3,2.0,1799.0,1471.0,98103,940000.0
5,2.5,4639.0,8036.0,98112,3350000.0
3,1.0,1810.0,10454.4,98178,512000.0
3,2.0,2120.0,6009.0,98117,1345000.0
1,1.0,616.0,15245.999999999998,98101,399900.0
6,6.0,1780.0,7900.0,98168,733500.0
4,2.0,2630.0,8750.0,98115,1350000.0
5,3.0,3060.0,6250.0,98116,950000.0
3,2.0,2700.0,16117.199999999999,98178,734000.0
5,4.0,2030.0,6000.0,98144,670000.0
3,2.5,1620.0,1423.0,98122,770000.0
5,4.5,5704.0,7200.0,98119,4000000.0
2,1.0,700.0,4000.0,98117,800000.0
2,3.0,1260.0,3920.0,98117,770000.0
4,2.0,1770.0,3920.0,98115,1425000.0
4,2.5,1812.0,1632.0,98136,825000.0
2,2.0,840.0,1177.0,98144,725000.0
3,2.0,2100.0,7800.0,98136,845000.0
5,3.0,2550.0,9192.0,98125,1450000.0
3,2.5,2198.0,2621.0,98144,1675000.0
2,1.0,770.0,6501.0,98125,620000.0
2,2.0,1150.0,2462.0,98107,725000.0
3,2.0,2330.0,5280.0,98103,1098000.0
5,4.5,4693.0,10454.4,98122,2650000.0
3,3.0,1790.0,7286.0,98125,755000.0
4,3.5,2960.0,4500.0,98103,1700000.0
2,2.0,1391.0,14810.400000000001,98109,860000.0
3,2.0,1160.0,7500.0,98178,566000.0
4,2.0,2570.0,4800.0,98103,1495000.0
3,2.0,1611.0,4648.0,98107,915000.0
4,2.5,2474.0,2970.0,98115,1725000.0
3,2.0,1300.0,2997.0,98144,778000.0
2,2.5,840.0,1224.0,98144,620000.0
2,2.0,1100.0,698.0,98107,749000.0
3,2.5,2730.0,3000.0,98122,1199000.0
3,3.0,1650.0,1622.0,98103,950000.0
3,3.0,1650.0,1376.0,98103,974999.0
4,1.0,1850.0,4500.0,98118,600000.0
5,3.5,4050.0,3600.0,98119,2895000.0
1,1.0,865.0,54885.6,98112,712500.0
3,3.0,1790.0,7080.0,98109,1325000.0
5,3.0,2020.0,6000.0,98119,899000.0
3,1.5,1280.0,4000.0,98144,750000.0
4,2.0,1630.0,4982.0,98116,942000.0
3,3.5,1460.0,1200.0,98117,740000.0
3,2.0,1210.0,1374.0,98103,875000.0
4,2.0,2080.0,5250.0,98116,1098000.0
4,2.0,3542.0,5000.0,98144,1150000.0
3,1.5,2200.0,4800.0,98117,860000.0
2,2.5,1169.0,1092.0,98117,615000.0
2,1.0,1770.0,4800.0,98103,926000.0
4,2.0,1641.0,6122.0,98118,538800.0
2,1.5,860.0,1154.0,98122,734950.0
4,3.5,4990.0,10890.0,98112,4815000.0
3,2.0,1749.0,1149.0,98125,699950.0
3,4.0,1580.0,1086.0,98144,825000.0
3,2.5,2340.0,8000.0,98177,1900000.0
6,3.0,2440.0,8000.0,98144,925000.0
2,2.0,1227.0,1393.0,98115,715000.0
5,4.0,2734.0,3774.0,98115,1300000.0
2,2.0,839.0,23086.800000000003,98125,385000.0
3,1.0,1120.0,7407.0,98178,708000.0
3,2.0,1482.0,1085.0,98117,919000.0
3,3.5,1680.0,1486.0,98126,675000.0
2,2.0,1400.0,14810.400000000001,98199,699950.0
3,2.0,1370.0,21780.0,98112,910000.0
4,2.0,2140.0,6250.0,98199,1150000.0
3,2.0,1710.0,4267.0,98133,659000.0
